[{"id":"2074454224","title":"Смартфон Xiaomi 11T 8/128GB","price":27000,"description":"Смартфон Xiaomi 11T – это представитель флагманской линейки, выпущенной во второй половине 2021 года. И он полностью соответствует такому позиционированию, предоставляя своим обладателям возможность пользоваться отличными камерами, ни в чем себя не ограничивать при запуске игр и других требовательных приложений.","category":"mobile-phone","discount":0,"count":3,"units":"шт","images":{"small":"img/smrtxiaomi11t.jpg","big":"img/smrtxiaomi11t-b.jpg"}},{"id":"6300524222","title":"Радиоуправляемый автомобиль Cheetan","price":4000,"description":"Внедорожник на дистанционном управлении. Скорость 25км/ч. Возраст 7 - 14 лет","category":"toys","discount":5,"count":1,"units":"шт","images":{"small":"img/cheetancar.jpg","big":"img/cheetancar-b.jpg"}},{"id":"6742072908","title":"ТВ приставка MECOOL KI","price":12400,"description":"Всего лишь один шаг сделает ваш телевизор умным, Быстрый и умный MECOOL KI PRO, прекрасно спроектированный, сочетает в себе прочный процессор Cortex-A53 с чипом Amlogic S905D","category":"tv-box","discount":15,"count":4,"units":"шт","images":{"small":"img/tvboxmecool.jpg","big":"img/tvboxmecool-b.jpg"}},{"id":"8732500050","title":"Витая пара PROConnect 01-0043-3-25","price":22,"description":"Витая пара Proconnect 01-0043-3-25 является сетевым кабелем с 4 парами проводов типа UTP, в качестве проводника в которых используется алюминий, плакированный медью CCA. Такая неэкранированная витая пара с одножильными проводами диаметром 0.50 мм широко применяется в процессе сетевых монтажных работ. С ее помощью вы сможете обеспечить развертывание локальной сети в домашних условиях или на предприятии, объединить все необходимое вам оборудование в единую сеть.","category":"cables","discount":0,"count":420,"units":"м","images":{"small":"img/lan_proconnect43-3-25.jpg","big":"img/lan_proconnect43-3-25-b.jpg"}},{"id":"8732500050","title":"Швабра Gelberk GL-SM02","price":1400,"description":"Швабра Gelberk GL-SM02 с системой распыления воды простым нажатием обеспечивает максимальную эффективность мытья гладких напольных поверхностей и предоставляет возможность сухой уборки. Насадка в виде плоского мопа с ворсом из качественной микрофибры помогает тщательно очищать поверхности от пыли и загрязнений без оставления разводов. Поворот насадки на 360 градусов повышает комфорт в эксплуатации. Рукоятка изготовлена из металла и обладает длиной 125 см. Пластиковая ручка эргономичной формы позволяет с удобством удерживать швабру Gelberk GL-SM02.","category":"cleaning","discount":10,"count":12,"units":"шт","images":{"small":"img/gelberk-gl-sm02.jpg","big":"img/gelberk-gl-sm02-b.jpg"}},{"id":"2714576057","title":"Замок Aqara Door lock N100 ZNMS16LM","price":20000,"description":"Замок электромеханический с отпечатком пальца Aqara AQARA Door lock N100 ZNMS16LM – это особенное устройство, которое предусматривает наличие в комплекте внешней, внутренней частей замка, корпуса, цилиндра замка, дверной коробки. То есть замок содержит все, что необходимо для его установки, включая набор монтажных болтов. Для его работы потребуются батарейки АА в количестве 8 штук: они также включены в комплект. Aqara AQARA Door lock N100 ZNMS16LM представляет собой электромеханический замок с сенсорной системой. Он использует несколько способов открывания: с помощью кода доступа, механического ключа, отпечатка пальца, а также через мобильное приложение. Ручки внутренней и внешней накладок ориентированы по умолчанию на правую сторону, но при необходимости ориентацию открывания легко сменить. На внешней стороне замка находится сканер отпечатков. Верхняя его часть содержит кнопку звонка, а также зону чтения карточек NFC и клавиатуру, предназначенную для ввода пароля. В нижней части устройства находится скважина под обычный ключ.","category":"smart house","discount":0,"count":4,"units":"шт","images":{"small":"img/aqara-door-lock-n100.jpg","big":"img/aqara-door-lock-n100-b.jpg"}},{"id":"1544896182","title":"Моноколесо Ninebot One-Z10","price":130000,"description":"Моноколесо Ninebot One-Z10 обладает мощными характеристиками и продолжительной автономной работой. Благодаря мотору мощностью 1800 Вт транспортное средство способно развивать скорость в пределах 45 км/ч. Колесо с широкой покрышкой отличается высокими показателями сцепления и устойчивостью на различных поверхностях. Брызговик предусматривает возможность езды в любую погоду, а светодиодная фара и подсветка с боковой стороны позволяют перемещаться в темное время суток. Педали с нескользящим покрытием гарантируют комфортное размещение на моноколесе Ninebot One-Z10. Аккумулятор, обладающий энергоемкостью 1000 Вт*ч, гарантирует около 80-100 км на одном цикле зарядки.","category":"portable vehicles","discount":5,"count":7,"units":"шт","images":{"small":"img/ninebot-one-z10.jpg","big":"img/ninebot-one-z10-b.jpg"}},{"id":"8847764238","title":"Система виртуальной реальности HTC Vive PRO","price":108299,"description":"Система виртуальной реальности HTC Vive PRO представляет собой комплект, в который включен шлем, контроллеры и базовые SteamVR 2.0. В шлеме предусмотрено 2 экрана, разрешением каждого из которых составляет 1440×1600 пикселей, что позволит вам насладиться невероятно реалистичной картинкой. Модель HTC Vive PRO хороша и тем, что в ней появилось 2 микрофона с функцией шумоподавления, обеспечивающих насыщенное и четкое звучание. Система с легкостью подключается к ПК или ноутбуку при помощи USB-интерфейса. Благодаря хорошо продуманной форме шлем подходит к любой форме лица.","category":"VR systems","discount":0,"count":10,"units":"шт","images":{"small":"img/htc-vive-pro.jpg","big":"img/htc-vive-pro-b.jpg"}}]
